{
  "name": "Dynamic Label Table",
  "description": "Table with setting expressions for dynamic column labels",
  "author": "Ralf Becher, irregular.bi",
  "library": "bi-irregular-widgets",
  "meta": {
    "type": "table"
  },
  "properties": {
    "measures": {
      "min": 0,
      "max": 20
    },
    "dimensions": {
      "max": 20,
      "min": 0
    },
    "sorting": true,
    "sections": [
      {
        "type": "header",
        "order": 0,
        "parent": "qw-pe-dropzone2-0",
        "ref": "header1",
        "label": "Settings"
      }
    ],
    "settings": [
      {
        "type": "integer",
        "expression": "optional",
        "defaultValue": 20,
        "order": 0,
        "parent": "header1",
        "ref": "maxColumns",
        "label": "max. Columns"
      },
      {
        "type": "integer",
        "expression": "optional",
        "defaultValue": 50,
        "order": 1,
        "parent": "header1",
        "ref": "rowsPerPage",
        "label": "Rows per page"
      },
      {
        "type": "string",
        "expression": "optional",
        "defaultValue": "",
        "order": 2,
        "parent": "header1",
        "ref": "dynLabel1",
        "label": "Label1"
      },
      {
        "type": "string",
        "expression": "optional",
        "defaultValue": "",
        "order": 3,
        "parent": "header1",
        "ref": "dynLabel2",
        "label": "Label2"
      },
      {
        "type": "string",
        "expression": "optional",
        "defaultValue": "",
        "order": 4,
        "parent": "header1",
        "ref": "dynLabel3",
        "label": "Label3"
      },
      {
        "type": "string",
        "expression": "optional",
        "defaultValue": "",
        "order": 5,
        "parent": "header1",
        "ref": "dynLabel4",
        "label": "Label4"
      },
      {
        "type": "string",
        "expression": "optional",
        "defaultValue": "",
        "order": 6,
        "parent": "header1",
        "ref": "dynLabel5",
        "label": "Label5"
      },
      {
        "type": "string",
        "expression": "optional",
        "defaultValue": "",
        "order": 7,
        "parent": "header1",
        "ref": "dynLabel6",
        "label": "Label6"
      },
      {
        "type": "string",
        "expression": "optional",
        "defaultValue": "",
        "order": 8,
        "parent": "header1",
        "ref": "dynLabel7",
        "label": "Label7"
      },
      {
        "type": "string",
        "expression": "optional",
        "defaultValue": "",
        "order": 9,
        "parent": "header1",
        "ref": "dynLabel8",
        "label": "Label8"
      },
      {
        "type": "string",
        "expression": "optional",
        "defaultValue": "",
        "order": 10,
        "parent": "header1",
        "ref": "dynLabel9",
        "label": "Label9"
      },
      {
        "type": "string",
        "expression": "optional",
        "defaultValue": "",
        "order": 11,
        "parent": "header1",
        "ref": "dynLabel10",
        "label": "Label10"
      },
      {
        "type": "string",
        "expression": "optional",
        "defaultValue": "",
        "order": 12,
        "parent": "header1",
        "ref": "dynLabel11",
        "label": "Label11"
      },
      {
        "type": "string",
        "expression": "optional",
        "defaultValue": "",
        "order": 13,
        "parent": "header1",
        "ref": "dynLabel12",
        "label": "Label12"
      },
      {
        "type": "string",
        "expression": "optional",
        "defaultValue": "",
        "order": 14,
        "parent": "header1",
        "ref": "dynLabel13",
        "label": "Label13"
      },
      {
        "type": "string",
        "expression": "optional",
        "defaultValue": "",
        "order": 15,
        "parent": "header1",
        "ref": "dynLabel14",
        "label": "Label14"
      },
      {
        "type": "string",
        "expression": "optional",
        "defaultValue": "",
        "order": 16,
        "parent": "header1",
        "ref": "dynLabel15",
        "label": "Label15"
      },
      {
        "type": "string",
        "expression": "optional",
        "defaultValue": "",
        "order": 17,
        "parent": "header1",
        "ref": "dynLabel16",
        "label": "Label16"
      },
      {
        "type": "string",
        "expression": "optional",
        "defaultValue": "",
        "order": 18,
        "parent": "header1",
        "ref": "dynLabel17",
        "label": "Label17"
      },
      {
        "type": "string",
        "expression": "optional",
        "defaultValue": "",
        "order": 19,
        "parent": "header1",
        "ref": "dynLabel18",
        "label": "Label18"
      },
      {
        "type": "string",
        "expression": "optional",
        "defaultValue": "",
        "order": 20,
        "parent": "header1",
        "ref": "dynLabel19",
        "label": "Label19"
      },
      {
        "type": "string",
        "expression": "optional",
        "defaultValue": "",
        "order": 20,
        "parent": "header1",
        "ref": "dynLabel20",
        "label": "Label20"
      }
    ]
  }
}